district,population,male,female,source
Chennai,4646732,0,0,Census of India 2011
Kancheepuram,3998252,0,0,Census of India 2011
Vellore,3936331,0,0,Census of India 2011
Thiruvallur,3728104,0,0,Census of India 2011
Salem,3482056,0,0,Census of India 2011
Viluppuram,3458873,0,0,Census of India 2011
Coimbatore,3458045,0,0,Census of India 2011
Tirunelveli,3077233,0,0,Census of India 2011
Madurai,3038252,0,0,Census of India 2011
Tiruchirappalli,2722290,0,0,Census of India 2011
Cuddalore,2605914,0,0,Census of India 2011
Tiruppur,2479052,0,0,Census of India 2011
Tiruvannamalai,2464875,0,0,Census of India 2011
Thanjavur,2405890,0,0,Census of India 2011
Erode,2251744,0,0,Census of India 2011
Dindigul,2159775,0,0,Census of India 2011
Virudhunagar,1942288,0,0,Census of India 2011
Krishnagiri,1879809,0,0,Census of India 2011
Kanniyakumari,1870374,0,0,Census of India 2011
Thoothukkudi,1750176,0,0,Census of India 2011
Namakkal,1726601,0,0,Census of India 2011
Pudukkottai,1618345,0,0,Census of India 2011
Nagapattinam,1616450,0,0,Census of India 2011
Dharmapuri,1506843,0,0,Census of India 2011
Ramanathapuram,1353445,0,0,Census of India 2011
Sivaganga,1339101,0,0,Census of India 2011
Thiruvarur,1264277,0,0,Census of India 2011
Theni,1245899,0,0,Census of India 2011
Karur,1064493,0,0,Census of India 2011
Ariyalur,754894,0,0,Census of India 2011
The Nilgiris,735394,0,0,Census of India 2011
Perambalur,565223,0,0,Census of India 2011
